{
  "parent": "minecraft:block/block",
  "elements": [
    {
      "faces": {
        "down": {
          "texture": "#all",
          "uv": [
            0.0,
            0.0,
            16.0,
            16.0
          ]
        },
        "east": {
          "texture": "#all",
          "uv": [
            0.0,
            0.0,
            16.0,
            16.0
          ]
        },
        "north": {
          "texture": "#all",
          "uv": [
            0.0,
            0.0,
            16.0,
            16.0
          ]
        },
        "south": {
          "texture": "#all",
          "uv": [
            0.0,
            0.0,
            16.0,
            16.0
          ]
        },
        "up": {
          "texture": "#all",
          "uv": [
            0.0,
            0.0,
            16.0,
            16.0
          ]
        },
        "west": {
          "texture": "#all",
          "uv": [
            0.0,
            0.0,
            16.0,
            16.0
          ]
        }
      },
      "from": [
        4,
        0,
        4
      ],
      "to": [
        12,
        8,
        12
      ]
    }
  ],
  "render_type": "minecraft:cutout",
  "textures": {
    "all": "framedblocks:block/framed_block"
  }
}