{
  "parent": "minecraft:block/block",
  "elements": [
    {
      "faces": {
        "down": {
          "cullface": "down",
          "texture": "#barrel_bottom"
        },
        "east": {
          "cullface": "east",
          "texture": "#barrel"
        },
        "north": {
          "cullface": "north",
          "texture": "#barrel"
        },
        "south": {
          "cullface": "south",
          "texture": "#barrel"
        },
        "up": {
          "cullface": "up",
          "texture": "#barrel_top"
        },
        "west": {
          "cullface": "west",
          "texture": "#barrel"
        }
      },
      "from": [
        0,
        0,
        0
      ],
      "to": [
        16,
        16,
        16
      ]
    },
    {
      "faces": {
        "down": {
          "cullface": "down",
          "texture": "#frame"
        },
        "east": {
          "cullface": "east",
          "texture": "#frame"
        },
        "north": {
          "cullface": "north",
          "texture": "#frame"
        },
        "south": {
          "cullface": "south",
          "texture": "#frame"
        },
        "up": {
          "cullface": "up",
          "texture": "#frame"
        },
        "west": {
          "cullface": "west",
          "texture": "#frame"
        }
      },
      "from": [
        0,
        0,
        0
      ],
      "to": [
        16,
        16,
        16
      ]
    }
  ],
  "textures": {
    "barrel": "minecraft:block/barrel_side",
    "barrel_bottom": "minecraft:block/barrel_bottom",
    "barrel_top": "minecraft:block/barrel_top",
    "frame": "framedblocks:block/framed_block",
    "particle": "framedblocks:block/framed_block"
  }
}