{
  "parent": "minecraft:recipes/root",
  "criteria": {
    "hasPlanks": {
      "conditions": {
        "items": [
          {
            "tag": "minecraft:planks"
          }
        ]
      },
      "trigger": "minecraft:inventory_changed"
    },
    "has_the_recipe": {
      "conditions": {
        "recipe": "framedblocks:framed_cube"
      },
      "trigger": "minecraft:recipe_unlocked"
    }
  },
  "requirements": [
    [
      "hasPlanks",
      "has_the_recipe"
    ]
  ],
  "rewards": {
    "recipes": [
      "framedblocks:framed_cube"
    ]
  },
  "sends_telemetry_event": false
}