{
  "parent": "minecraft:recipes/root",
  "criteria": {
    "hasFramedHalfSlope": {
      "conditions": {
        "items": [
          {
            "items": [
              "framedblocks:framed_half_slope"
            ]
          }
        ]
      },
      "trigger": "minecraft:inventory_changed"
    },
    "has_the_recipe": {
      "conditions": {
        "recipe": "framedblocks:framed_double_half_slope"
      },
      "trigger": "minecraft:recipe_unlocked"
    }
  },
  "requirements": [
    [
      "hasFramedHalfSlope",
      "has_the_recipe"
    ]
  ],
  "rewards": {
    "recipes": [
      "framedblocks:framed_double_half_slope"
    ]
  },
  "sends_telemetry_event": false
}