{
  "variants": {
    "powered=false,shape=ascending_east": {
      "model": "framedblocks:block/framed_fancy_activator_rail_ascending",
      "y": 90
    },
    "powered=false,shape=ascending_north": {
      "model": "framedblocks:block/framed_fancy_activator_rail_ascending"
    },
    "powered=false,shape=ascending_south": {
      "model": "framedblocks:block/framed_fancy_activator_rail_ascending",
      "y": 180
    },
    "powered=false,shape=ascending_west": {
      "model": "framedblocks:block/framed_fancy_activator_rail_ascending",
      "y": 270
    },
    "powered=false,shape=east_west": {
      "model": "framedblocks:block/framed_fancy_activator_rail",
      "y": 270
    },
    "powered=false,shape=north_south": {
      "model": "framedblocks:block/framed_fancy_activator_rail",
      "y": 180
    },
    "powered=true,shape=ascending_east": {
      "model": "framedblocks:block/framed_fancy_activator_rail_ascending_on",
      "y": 90
    },
    "powered=true,shape=ascending_north": {
      "model": "framedblocks:block/framed_fancy_activator_rail_ascending_on"
    },
    "powered=true,shape=ascending_south": {
      "model": "framedblocks:block/framed_fancy_activator_rail_ascending_on",
      "y": 180
    },
    "powered=true,shape=ascending_west": {
      "model": "framedblocks:block/framed_fancy_activator_rail_ascending_on",
      "y": 270
    },
    "powered=true,shape=east_west": {
      "model": "framedblocks:block/framed_fancy_activator_rail_on",
      "y": 270
    },
    "powered=true,shape=north_south": {
      "model": "framedblocks:block/framed_fancy_activator_rail_on",
      "y": 180
    }
  }
}