{
  "variants": {
    "facing=east,lit=false": {
      "model": "framedblocks:block/framed_redstone_wall_torch_off"
    },
    "facing=east,lit=true": {
      "model": "framedblocks:block/framed_redstone_wall_torch"
    },
    "facing=north,lit=false": {
      "model": "framedblocks:block/framed_redstone_wall_torch_off",
      "y": 270
    },
    "facing=north,lit=true": {
      "model": "framedblocks:block/framed_redstone_wall_torch",
      "y": 270
    },
    "facing=south,lit=false": {
      "model": "framedblocks:block/framed_redstone_wall_torch_off",
      "y": 90
    },
    "facing=south,lit=true": {
      "model": "framedblocks:block/framed_redstone_wall_torch",
      "y": 90
    },
    "facing=west,lit=false": {
      "model": "framedblocks:block/framed_redstone_wall_torch_off",
      "y": 180
    },
    "facing=west,lit=true": {
      "model": "framedblocks:block/framed_redstone_wall_torch",
      "y": 180
    }
  }
}