{
  "multipart": [
    {
      "apply": {
        "model": "framedblocks:block/framed_underlay"
      },
      "when": {
        "solid_bg": "true"
      }
    },
    {
      "apply": {
        "model": "framedblocks:block/framed_cube"
      },
      "when": {
        "alt": "false"
      }
    },
    {
      "apply": {
        "model": "framedblocks:block/framed_cube_alt"
      },
      "when": {
        "alt": "true"
      }
    },
    {
      "apply": {
        "model": "framedblocks:block/framed_reinforcement"
      },
      "when": {
        "reinforced": "true"
      }
    }
  ]
}