{
  "variants": {
    "facing=east,state=closed": {
      "model": "framedblocks:block/framed_chest",
      "y": 90
    },
    "facing=east,state=closing": {
      "model": "framedblocks:block/framed_chest",
      "y": 90
    },
    "facing=east,state=opening": {
      "model": "framedblocks:block/framed_chest",
      "y": 90
    },
    "facing=north,state=closed": {
      "model": "framedblocks:block/framed_chest"
    },
    "facing=north,state=closing": {
      "model": "framedblocks:block/framed_chest"
    },
    "facing=north,state=opening": {
      "model": "framedblocks:block/framed_chest"
    },
    "facing=south,state=closed": {
      "model": "framedblocks:block/framed_chest",
      "y": 180
    },
    "facing=south,state=closing": {
      "model": "framedblocks:block/framed_chest",
      "y": 180
    },
    "facing=south,state=opening": {
      "model": "framedblocks:block/framed_chest",
      "y": 180
    },
    "facing=west,state=closed": {
      "model": "framedblocks:block/framed_chest",
      "y": 270
    },
    "facing=west,state=closing": {
      "model": "framedblocks:block/framed_chest",
      "y": 270
    },
    "facing=west,state=opening": {
      "model": "framedblocks:block/framed_chest",
      "y": 270
    }
  }
}